split,n_examples,mean,p50,p90,p95,p99,max,assumed_output_tokens,mean_total_tokens,p95_total_tokens,max_total_tokens
dev,834,661.1342925659472,566.0,1093.7,1260.0,1754.67,2788,500,1161.1342925659471,1760.0,3288
test,831,644.2647412755716,573.0,1040.0,1224.5,1817.0000000000023,2111,500,1144.2647412755716,1724.5,2611
train,6603,657.898076631834,578.0,1050.0,1268.8999999999996,1835.9799999999996,4199,500,1157.898076631834,1768.8999999999996,4699
